ticker,source,title,description,published_at,url,full_text
AAPL,Macdailynews.com,Apple’s March Madness: Tim Cook teases a ‘big week ahead’ starting Monday,"Apple's CEO took to X on Thursday, to drop a hint about what's coming down the pipeline. ""A big week ahead. It all starts Monday morning!""
The post Apple’s March Madness: Tim Cook teases a ‘big week ahead’ starting Monday appeared first on MacDailyNews.",2026-02-26,https://macdailynews.com/2026/02/26/apples-march-madness-tim-cook-teases-a-big-week-ahead-starting-monday/,"Apple’s March Madness: Tim Cook teases a ‘big week ahead’ starting Monday Apple's CEO took to X on Thursday, to drop a hint about what's coming down the pipeline. ""A big week ahead. It all starts Monday morning!""
The post Apple’s March Madness: Tim Cook teases a ‘big week ahead’ starting Monday appeared first on MacDailyNews."
AAPL,Notebookcheck.net,Apple confirms new device releases occurring before first 2026 launch event,"Apple CEO Tim Cook has confirmed that new devices will be arriving before the company's upcoming 'Special Apple Experience'. In fact, it seems that a week of product launches is on the cards. Seemingly, Tim Cook has revealed one of these ahead of time, too.",2026-02-26,https://www.notebookcheck.net/Apple-confirms-new-device-releases-occurring-before-first-2026-launch-event.1235652.0.html,"Apple confirms new device releases occurring before first 2026 launch event Apple CEO Tim Cook has confirmed that new devices will be arriving before the company's upcoming 'Special Apple Experience'. In fact, it seems that a week of product launches is on the cards. Seemingly, Tim Cook has revealed one of these ahead of time, too."
AAPL,TechRadar,Tim Cook teases 'a big week ahead' and it might just be the arrival of the low-cost MacBook,"Tim Cook’s “big week ahead” tease hints that Apple will drop several new iPads, Macs – possibly a low-cost MacBook – and a new iPhone 17e before its March 4 showcase.",2026-02-26,https://www.techradar.com/computing/tim-cook-teases-a-big-week-ahead-and-it-might-just-be-the-arrival-of-the-low-cost-macbook,"Tim Cook teases 'a big week ahead' and it might just be the arrival of the low-cost MacBook Tim Cook’s “big week ahead” tease hints that Apple will drop several new iPads, Macs – possibly a low-cost MacBook – and a new iPhone 17e before its March 4 showcase."
AAPL,The Times of India,Juice or just a crunch? Apple Pay is polishing its India plans,"If Apple Pay succeeds in India, it will mean that Apple has moved from being a premium device seller in India to a fully integrated ecosystem player manufacturing locally, selling through its own stores and embedding financial services into everyday life.",2026-02-26,https://economictimes.indiatimes.com/industry/banking/finance/banking/juice-or-just-a-crunch-apple-pay-is-polishing-its-india-plans/articleshow/128818896.cms,"Juice or just a crunch? Apple Pay is polishing its India plans If Apple Pay succeeds in India, it will mean that Apple has moved from being a premium device seller in India to a fully integrated ecosystem player manufacturing locally, selling through its own stores and embedding financial services into everyday life."
AAPL,Gizmodo.com,A Low-Cost MacBook Could Resemble a Chromebook in More Ways Than One,"A sub-$1,000 MacBook would necessarily demand compromises, especially in the storage department.",2026-02-26,https://gizmodo.com/rumored-cheap-macbook-could-be-like-a-chromebook-in-more-ways-than-one-2000727022,"A Low-Cost MacBook Could Resemble a Chromebook in More Ways Than One A sub-$1,000 MacBook would necessarily demand compromises, especially in the storage department."
AAPL,Excite.co.jp,Tim Cook CEO、3月2日月曜日から新製品発表の週だと予告,TimCookCEOのポストTimCookCEOが、Xに「Abigweekahead.ItallstartsMondaymorning!#AppleLaunch」とポストし、来週の月曜日（3月2日）か...,2026-02-26,https://www.excite.co.jp/news/article/Macotakara_macotakara_50566/,Tim Cook CEO、3月2日月曜日から新製品発表の週だと予告 TimCookCEOのポストTimCookCEOが、Xに「Abigweekahead.ItallstartsMondaymorning!#AppleLaunch」とポストし、来週の月曜日（3月2日）か...
AAPL,Cult of Mac,Tim Cook promises ‘big week’ of product launches — what to expect,"Get ready for new Apple products in early March — next week! Expect three new MacBooks, iPhone 17e and more.
(via Cult of Mac - Your source for the latest Apple news, rumors, analysis, reviews, how-tos and deals.)",2026-02-26,https://www.cultofmac.com/news/apple-march-event-2026-tease,"Tim Cook promises ‘big week’ of product launches — what to expect Get ready for new Apple products in early March — next week! Expect three new MacBooks, iPhone 17e and more.
(via Cult of Mac - Your source for the latest Apple news, rumors, analysis, reviews, how-tos and deals.)"
AAPL,PCMag.com,"Tim Cook Confirms Multi-Day Apple Reveals, Starting on Monday","'A big week ahead,' the Apple CEO tweeted this morning.
UPDATE 2/26: Apple CEO Tim Cook today confirmed that the company will have several days of launches next week, starting on Monday. ""A big week ahead. It all starts Monday morning!"" he tweeted alongside a…",2026-02-26,https://me.pcmag.com/en/laptops/35580/tim-cook-confirms-multi-day-apple-reveals-starting-on-monday,"Tim Cook Confirms Multi-Day Apple Reveals, Starting on Monday 'A big week ahead,' the Apple CEO tweeted this morning.
UPDATE 2/26: Apple CEO Tim Cook today confirmed that the company will have several days of launches next week, starting on Monday. ""A big week ahead. It all starts Monday morning!"" he tweeted alongside a…"
AAPL,PCMag.com,"Tim Cook Confirms Multi-Day Apple Reveals, Starting on Monday","'A big week ahead,' the Apple CEO tweeted this morning.
UPDATE 2/26: Apple CEO Tim Cook today confirmed that the company will have several days of launches next week, starting on Monday. ""A big week ahead. It all starts Monday morning!"" he tweeted alongside a…",2026-02-26,https://uk.pcmag.com/laptops/163406/tim-cook-confirms-multi-day-apple-reveals-starting-on-monday,"Tim Cook Confirms Multi-Day Apple Reveals, Starting on Monday 'A big week ahead,' the Apple CEO tweeted this morning.
UPDATE 2/26: Apple CEO Tim Cook today confirmed that the company will have several days of launches next week, starting on Monday. ""A big week ahead. It all starts Monday morning!"" he tweeted alongside a…"
AAPL,Yahoo Entertainment,"Apple (AAPL) Got The Best Free Ride, Says Jim Cramer",,2026-02-26,https://consent.yahoo.com/v2/collectConsent?sessionId=1_cc-session_17d6321a-fd45-4234-b8a9-ead1adfc4f2c,"Apple (AAPL) Got The Best Free Ride, Says Jim Cramer"
AAPL,Macworld,Apple teases ‘big week ahead’ starting Monday,"Macworld







Tim Cook today announced what he describes as a “big week” for Apple, starting on Monday.




“A big week ahead,” he said in a brief post on Twitter/X (using his personal account rather than the main company one, which is very rarely used). …",2026-02-26,https://www.macworld.com/article/3072397/apple-teases-big-week-ahead-starting-monday.html,"Apple teases ‘big week ahead’ starting Monday Macworld







Tim Cook today announced what he describes as a “big week” for Apple, starting on Monday.




“A big week ahead,” he said in a brief post on Twitter/X (using his personal account rather than the main company one, which is very rarely used). …"
AAPL,The Times of India,"Maharashtra government owes Mumbai civic body Rs 10,931 crore, says deputy chief minister Eknath Shinde","Mumbai: The Maharashtra government owes Rs 10,931 crore to the Brihanmumbai Municipal Corporation (BMC), deputy chief minister Eknath Shinde informed .",2026-02-26,https://timesofindia.indiatimes.com/city/mumbai/maharashtra-government-owes-mumbai-civic-body-rs-10931-crore-says-deputy-chief-minister-eknath-shinde/articleshow/128818284.cms,"Maharashtra government owes Mumbai civic body Rs 10,931 crore, says deputy chief minister Eknath Shinde Mumbai: The Maharashtra government owes Rs 10,931 crore to the Brihanmumbai Municipal Corporation (BMC), deputy chief minister Eknath Shinde informed ."
AAPL,9to5Mac,One more iPhone 17 model launches next week: Here’s every new feature,"Apple is launching new products next week, as confirmed this morning by CEO Tim Cook. iPhone 17e will be one of those launches, here are the new features to expect.



 more…",2026-02-26,https://9to5mac.com/2026/02/26/one-more-iphone-17-model-launches-next-week-heres-every-new-feature/,"One more iPhone 17 model launches next week: Here’s every new feature Apple is launching new products next week, as confirmed this morning by CEO Tim Cook. iPhone 17e will be one of those launches, here are the new features to expect.



 more…"
AAPL,Gizmodo.com,Tim Cook Teases ‘Big Week’ of Announcements Starting Next Monday,Get your credit cards ready.,2026-02-26,https://gizmodo.com/tim-cook-teases-big-week-of-announcements-starting-next-monday-2000727023,Tim Cook Teases ‘Big Week’ of Announcements Starting Next Monday Get your credit cards ready.
AAPL,Wccftech,Tim Cook Confirms Next Week Is Apple’s “Big Week”,"Apple is gearing up for one of its most launch-heavy windows of the year next week, when it might launch its much-anticipated low-cost MacBook as well as the iPhone 17e along with the M5 Pro/M5 Max MacBook Pro, Apple Studio Displays, and possibly an iPad or t…",2026-02-26,https://wccftech.com/tim-cook-confirms-next-week-is-apples-big-week/,"Tim Cook Confirms Next Week Is Apple’s “Big Week” Apple is gearing up for one of its most launch-heavy windows of the year next week, when it might launch its much-anticipated low-cost MacBook as well as the iPhone 17e along with the M5 Pro/M5 Max MacBook Pro, Apple Studio Displays, and possibly an iPad or t…"
AAPL,Freerepublic.com,The alleged bias of Apple News: Tech giant's leadership filled with major Dem donors,"Apple's popular news app is facing increased scrutiny over alleged political bias, but the overwhelming left-wing tilt at the top of the company may be a factor. Of the 25 people listed on Apple's leadership page, 15 of them made substantial contributions to …",2026-02-26,https://freerepublic.com/focus/f-news/4368379/posts,"The alleged bias of Apple News: Tech giant's leadership filled with major Dem donors Apple's popular news app is facing increased scrutiny over alleged political bias, but the overwhelming left-wing tilt at the top of the company may be a factor. Of the 25 people listed on Apple's leadership page, 15 of them made substantial contributions to …"
AAPL,MacRumors,Apple Teases 'A Big Week Ahead' With Announcements Starting Monday,"Apple CEO Tim Cook today teased ""a big week ahead,"" with announcements starting Monday. His post included an #AppleLaunch hashtag with a colorful Apple logo, along with a short video that ultimately shows an Apple logo on the lid of a Mac.





Apple is repor…",2026-02-26,https://www.macrumors.com/2026/02/26/apple-teases-a-big-week-ahead/,"Apple Teases 'A Big Week Ahead' With Announcements Starting Monday Apple CEO Tim Cook today teased ""a big week ahead,"" with announcements starting Monday. His post included an #AppleLaunch hashtag with a colorful Apple logo, along with a short video that ultimately shows an Apple logo on the lid of a Mac.





Apple is repor…"
AAPL,9to5Mac,"New Apple product launch week starts Monday, Tim Cook confirms",Apple CEO Tim Cook just confirmed that the company will announce new products starting “Monday morning.” This will be the start of a release cycle that includes a press “experience” on Wednesday. 9to5Mac’s Chance Miller will be in attendance in New York City.…,2026-02-26,https://9to5mac.com/2026/02/26/new-apple-product-launch-starts-monday-tim-cook-confirms/,"New Apple product launch week starts Monday, Tim Cook confirms Apple CEO Tim Cook just confirmed that the company will announce new products starting “Monday morning.” This will be the start of a release cycle that includes a press “experience” on Wednesday. 9to5Mac’s Chance Miller will be in attendance in New York City.…"
AAPL,The Times of India,ET AI Conclave 2026; Apple's India payments play,"The ET AI Conclave & Awards brought together over 250 founders, CXOs, policymakers and investors from leading Indian AI companies like Sarvam, Neysa and Fractal. This and more in today's ETtech Top 5.",2026-02-26,https://economictimes.indiatimes.com/tech/newsletters/tech-top-5/et-ai-conclave-2026-apples-india-payments-play/articleshow/128815854.cms,"ET AI Conclave 2026; Apple's India payments play The ET AI Conclave & Awards brought together over 250 founders, CXOs, policymakers and investors from leading Indian AI companies like Sarvam, Neysa and Fractal. This and more in today's ETtech Top 5."
AAPL,CNN,What the Anthropic AI safety saga is really all about | CNN Business,Anthropic has reached a familiar crossroads for a growing tech company: how to scale without compromising the principles that set it apart.,2026-02-26,https://www.cnn.com/2026/02/26/tech/anthropic-ai-safety,What the Anthropic AI safety saga is really all about | CNN Business Anthropic has reached a familiar crossroads for a growing tech company: how to scale without compromising the principles that set it apart.
AAPL,MacRumors,Apple Reportedly Agrees to 100% Price Hike on Samsung Memory Chips,"Apple has agreed to pay Samsung twice as much for the LPDDR5X memory chips that it needs for ongoing iPhone 17 production, claims a report from Korean outlet Dealsite.





According to the report's sources, Apple recently held emergency meetings with Samsung…",2026-02-26,https://www.macrumors.com/2026/02/26/apple-agrees-100-price-hike-samsung-ram/,"Apple Reportedly Agrees to 100% Price Hike on Samsung Memory Chips Apple has agreed to pay Samsung twice as much for the LPDDR5X memory chips that it needs for ongoing iPhone 17 production, claims a report from Korean outlet Dealsite.





According to the report's sources, Apple recently held emergency meetings with Samsung…"
AAPL,Fox News,The alleged bias of Apple News: Tech giant's leadership filled with major Dem donors,FEC filings show that several top executives at Apple are major Democratic donors as its popular news app is facing allegations of having a political bias.,2026-02-26,https://www.foxnews.com/media/alleged-bias-apple-news-tech-giants-leadership-filled-major-dem-donors,The alleged bias of Apple News: Tech giant's leadership filled with major Dem donors FEC filings show that several top executives at Apple are major Democratic donors as its popular news app is facing allegations of having a political bias.
AAPL,Applech2.com,Apple、最新のmacOS 26 TahoeやiOS/iPadOS 26、visionOS 26で「Sony Alpha ILCE-7M5 (α7 V)」デジタルカメラのRAWフォーマットをネイティブサポート。,"Appleが最新のmacOS 26 TahoeやiOS/iPadOS 26、visionOS 26で「Sony Alpha ILCE-7M5 (α7 V)」デジタルカメラのRAWフォーマットをネイティブサポートしていま […]
The post Apple、最新のmacOS 26 TahoeやiOS/iPadOS 26、visionOS 26で「Sony Alpha ILCE-7M5 (α7 V)」デジタルカメラのRAWフォーマットをネイティブサポート。 first appeared on AAPL Ch..",2026-02-26,https://applech2.com/archives/20260226-macos-26-tahoe-and-ios-26-support-sony-alpha-ilce-7m5-raw.html,"Apple、最新のmacOS 26 TahoeやiOS/iPadOS 26、visionOS 26で「Sony Alpha ILCE-7M5 (α7 V)」デジタルカメラのRAWフォーマットをネイティブサポート。 Appleが最新のmacOS 26 TahoeやiOS/iPadOS 26、visionOS 26で「Sony Alpha ILCE-7M5 (α7 V)」デジタルカメラのRAWフォーマットをネイティブサポートしていま […]
The post Apple、最新のmacOS 26 TahoeやiOS/iPadOS 26、visionOS 26で「Sony Alpha ILCE-7M5 (α7 V)」デジタルカメラのRAWフォーマットをネイティブサポート。 first appeared on AAPL Ch.."
AAPL,Livemint,"Apple in talks with ICICI Bank, HDFC Bank and Axis Bank to start payment service in India: Report",Apple Inc. is in discussions with key Indian banks and global card networks in preparation to start Apple Pay in the world’s most populous country.,2026-02-26,https://www.livemint.com/companies/news/apple-in-talks-with-icici-bank-hdfc-bank-and-axis-bank-to-start-payment-service-in-india-11772089475257.html,"Apple in talks with ICICI Bank, HDFC Bank and Axis Bank to start payment service in India: Report Apple Inc. is in discussions with key Indian banks and global card networks in preparation to start Apple Pay in the world’s most populous country."
AAPL,Bloomberg,"Apple in talks with HDFC, ICICI, Axis to launch Apple Pay in India by 2026","The service is expected to support the Unified Payments Interface, operated by the National Payments Corporation of India, alongside card-based payments",2026-02-26,https://www.bloomberg.com/news/articles/2026-02-26/apple-in-talks-with-banks-to-start-payment-service-in-india,"Apple in talks with HDFC, ICICI, Axis to launch Apple Pay in India by 2026 The service is expected to support the Unified Payments Interface, operated by the National Payments Corporation of India, alongside card-based payments"
AAPL,The Times of India,"Apple in talks with ICICI, HDFC & Axis Bank to start payment service in India","Apple is in talks with ICICI Bank, HDFC Bank and Axis Bank, along with Visa and Mastercard, to launch Apple Pay in India around mid-2026, though the timeline is not final. The service is expected to support UPI as well as card payments, entering a market domi…",2026-02-26,https://economictimes.indiatimes.com/industry/banking/finance/banking/apple-in-talks-with-icici-hdfc-axis-bank-to-start-payment-service-in-india/articleshow/128804650.cms,"Apple in talks with ICICI, HDFC & Axis Bank to start payment service in India Apple is in talks with ICICI Bank, HDFC Bank and Axis Bank, along with Visa and Mastercard, to launch Apple Pay in India around mid-2026, though the timeline is not final. The service is expected to support UPI as well as card payments, entering a market domi…"
AAPL,GlobeNewswire,"SolCex Enters Major Expansion Phase Following Two Years of Secure, Continuous Operation",SolCex Announces Major Expansion Phase Following Two Years of Secure Operations SolCex Announces Major Expansion Phase Following Two Years of Secure Operations,2026-02-26,https://www.globenewswire.com/news-release/2026/02/26/3245181/0/en/SolCex-Enters-Major-Expansion-Phase-Following-Two-Years-of-Secure-Continuous-Operation.html,"SolCex Enters Major Expansion Phase Following Two Years of Secure, Continuous Operation SolCex Announces Major Expansion Phase Following Two Years of Secure Operations SolCex Announces Major Expansion Phase Following Two Years of Secure Operations"
AAPL,Linkedin.com,Fitness Platforms For Disabled Market Demand Drivers and Pricing Outlook," Download Sample  Get Special Discount Fitness Platforms For Disabled Market Global Outlook, Country Deep-Dives & Strategic Opportunities (2024-2033)Market size (2024): USD 350 million · Forecast (2033): 672.21 Million USD · CAGR: 8.",2026-02-26,https://www.linkedin.com/pulse/fitness-platforms-disabled-market-demand-drivers-pricing-p1tbf,"Fitness Platforms For Disabled Market Demand Drivers and Pricing Outlook  Download Sample  Get Special Discount Fitness Platforms For Disabled Market Global Outlook, Country Deep-Dives & Strategic Opportunities (2024-2033)Market size (2024): USD 350 million · Forecast (2033): 672.21 Million USD · CAGR: 8."
AAPL,The Times of India,The looming Taiwan chip disaster that Silicon Valley has long ignored,"In secret briefings held in Washington and Silicon Valley, national security officials warned executives from companies like Apple, Advanced Micro Devices and Qualcomm that China was making plans to retake Taiwan, which Beijing has long considered a breakaway…",2026-02-26,https://economictimes.indiatimes.com/tech/technology/the-looming-taiwan-chip-disaster-that-silicon-valley-has-long-ignored/articleshow/128800403.cms,"The looming Taiwan chip disaster that Silicon Valley has long ignored In secret briefings held in Washington and Silicon Valley, national security officials warned executives from companies like Apple, Advanced Micro Devices and Qualcomm that China was making plans to retake Taiwan, which Beijing has long considered a breakaway…"
AAPL,Pypi.org,neuralnode added to PyPI,A comprehensive Python framework for building AI agents with support for both cloud-based LLM APIs and local models,2026-02-26,https://pypi.org/project/neuralnode/,neuralnode added to PyPI A comprehensive Python framework for building AI agents with support for both cloud-based LLM APIs and local models
AAPL,SiliconANGLE News,Nvidia tops Wall Street’s expectations again as data center revenue surges 75%,"Nvidia Corp. sailed past analysts’ expectations again as it delivered its latest financial results today. Revenue in its core data center business jumped more than 75% from a year earlier, sending its stock higher in after-hours trading. Once again, the compa…",2026-02-25,https://siliconangle.com/2026/02/25/nvidia-tops-wall-streets-expectations-data-center-revenue-surges-75/,"Nvidia tops Wall Street’s expectations again as data center revenue surges 75% Nvidia Corp. sailed past analysts’ expectations again as it delivered its latest financial results today. Revenue in its core data center business jumped more than 75% from a year earlier, sending its stock higher in after-hours trading. Once again, the compa…"
AAPL,Applech2.com,iPhone/iPad向けにリリースされていたステルスアクションゲーム「HITMAN World of Assassination」が16GB RAM以上のApple Silicon Macに対応。,"iPhone/iPad向けにリリースされていたステルスアクションゲーム「HITMAN World of Assassination」がApple Silicon Macに対応しています。詳細は以下から。 　デンマークの […]
The post iPhone/iPad向けにリリースされていたステルスアクションゲーム「HITMAN World of Assassination」が16GB RAM以上のApple Silicon Macに対応。 first appeared on AAPL Ch..",2026-02-25,https://applech2.com/archives/20260226-hitman-world-of-assassination-support-mac.html,"iPhone/iPad向けにリリースされていたステルスアクションゲーム「HITMAN World of Assassination」が16GB RAM以上のApple Silicon Macに対応。 iPhone/iPad向けにリリースされていたステルスアクションゲーム「HITMAN World of Assassination」がApple Silicon Macに対応しています。詳細は以下から。 　デンマークの […]
The post iPhone/iPad向けにリリースされていたステルスアクションゲーム「HITMAN World of Assassination」が16GB RAM以上のApple Silicon Macに対応。 first appeared on AAPL Ch.."
AAPL,Motley Fool Australia,5 amazing ASX ETFs to buy and hold for 20 years,"Let's see what makes these funds standout as buy and hold candidates.
The post 5 amazing ASX ETFs to buy and hold for 20 years appeared first on The Motley Fool Australia.",2026-02-25,https://www.fool.com.au/2026/02/26/5-amazing-asx-etfs-to-buy-and-hold-for-20-years/,"5 amazing ASX ETFs to buy and hold for 20 years Let's see what makes these funds standout as buy and hold candidates.
The post 5 amazing ASX ETFs to buy and hold for 20 years appeared first on The Motley Fool Australia."
AAPL,The-independent.com,The 5 am myth: Why getting up early won’t necessarily make you more successful,"Rather than forcing early routines, the more useful question is how to identify your own rhythm and work with it",2026-02-25,https://www.the-independent.com/life-style/health-and-families/5-am-myth-waking-early-chronotype-owl-lark-b2927641.html,"The 5 am myth: Why getting up early won’t necessarily make you more successful Rather than forcing early routines, the more useful question is how to identify your own rhythm and work with it"
AAPL,Barchart.com,Amazon Is Now the No. 1 Company in the World by Revenue. Does That Make AMZN Stock a Buy Here?,"Becoming the world’s top revenue generator strengthens Amazon’s story, yet heavy AI capex keeps valuation risks in focus.",2026-02-25,https://www.barchart.com/story/news/423565/amazon-is-now-the-no-1-company-in-the-world-by-revenue-does-that-make-amzn-stock-a-buy-here,"Amazon Is Now the No. 1 Company in the World by Revenue. Does That Make AMZN Stock a Buy Here? Becoming the world’s top revenue generator strengthens Amazon’s story, yet heavy AI capex keeps valuation risks in focus."
AAPL,Github.com,Show HN: Framework for building multi-agent equity research agents,"I built Hermes, an open-source Python framework for multi-agent financial research.Most AI “equity research” demos stop at generating text. In practice, real workflows require pulling structured XBRL financials from SEC filings, extracting labeled sections li…",2026-02-25,https://github.com/schnetzlerjoe/hermes,"Show HN: Framework for building multi-agent equity research agents I built Hermes, an open-source Python framework for multi-agent financial research.Most AI “equity research” demos stop at generating text. In practice, real workflows require pulling structured XBRL financials from SEC filings, extracting labeled sections li…"
AAPL,Yahoo Entertainment,"Ken Griffin, Ray Dalio, and Warren Buffett All Sold More Apple Stock. Should You?",,2026-02-25,https://consent.yahoo.com/v2/collectConsent?sessionId=1_cc-session_5e4a8524-21ec-41a3-8d84-324bdb15d901,"Ken Griffin, Ray Dalio, and Warren Buffett All Sold More Apple Stock. Should You?"
AAPL,BusinessLine,"Samsung Galaxy S26 launched with AI features, raises prices in US and South Korea","The new lineup integrates AI features from Perplexity, Google Gemini, and an upgraded Bixby, following Samsung’s loss of smartphone leadership to Apple last year",2026-02-25,https://www.thehindubusinessline.com/info-tech/samsung-galaxy-s26-launched-with-ai-features-raises-prices-in-us-and-south-korea/article70677070.ece,"Samsung Galaxy S26 launched with AI features, raises prices in US and South Korea The new lineup integrates AI features from Perplexity, Google Gemini, and an upgraded Bixby, following Samsung’s loss of smartphone leadership to Apple last year"
AAPL,Macworld,Tim Cook sums up Steve Jobs in just four words,"Macworld







Apple boss Tim Cook joined the company in 1998, and has achieved an extraordinary amount in the years since: he has pushed Apple’s profits into the stratosphere, and become a billionaire in the process. But it turns out that the decision to t…",2026-02-25,https://www.macworld.com/article/3071217/tim-cook-sums-up-steve-jobs-in-just-four-words.html,"Tim Cook sums up Steve Jobs in just four words Macworld







Apple boss Tim Cook joined the company in 1998, and has achieved an extraordinary amount in the years since: he has pushed Apple’s profits into the stratosphere, and become a billionaire in the process. But it turns out that the decision to t…"
AAPL,The Conversation Africa,The 5am myth: why waking early won’t make you more successful,Genetics shape when we function best. Aligning routines with biology beats forcing a one size fits all 5am start.,2026-02-25,https://theconversation.com/the-5am-myth-why-waking-early-wont-make-you-more-successful-276031,The 5am myth: why waking early won’t make you more successful Genetics shape when we function best. Aligning routines with biology beats forcing a one size fits all 5am start.
AAPL,Daringfireball.net,★ My 2025 Apple Report Card,A mixed year.,2026-02-25,https://daringfireball.net/2026/02/my_2025_apple_report_card,★ My 2025 Apple Report Card A mixed year.
AAPL,Macdailynews.com,Apple CEO Tim Cook ‘lied through his teeth’ about bringing iPhone production to America – White House trade adviser Navarro,"White House trade adviser Peter Navarro accused Apple CEO Tim Cook of lying about plans to shift iPhone production from China to America…
The post Apple CEO Tim Cook ‘lied through his teeth’ about bringing iPhone production to America – White House trade advi…",2026-02-25,https://macdailynews.com/2026/02/25/apple-ceo-tim-cook-lied-through-his-teeth-about-bringing-iphone-production-to-america-white-house-trade-adviser-navarro/,"Apple CEO Tim Cook ‘lied through his teeth’ about bringing iPhone production to America – White House trade adviser Navarro White House trade adviser Peter Navarro accused Apple CEO Tim Cook of lying about plans to shift iPhone production from China to America…
The post Apple CEO Tim Cook ‘lied through his teeth’ about bringing iPhone production to America – White House trade advi…"
AAPL,The Gadgeteer,The Mac Mini Is About to Be Made in America,"Apple made it official: the Mac mini is getting built in America. The company announced Tuesday that it’s expanding factory operations in Houston, Texas, bringing Mac mini production to US soil for the first time in the product’s 20-year history. It’s a move …",2026-02-25,https://the-gadgeteer.com/2026/02/25/the-mac-mini-is-about-to-be-made-in-america/,"The Mac Mini Is About to Be Made in America Apple made it official: the Mac mini is getting built in America. The company announced Tuesday that it’s expanding factory operations in Houston, Texas, bringing Mac mini production to US soil for the first time in the product’s 20-year history. It’s a move …"
AAPL,OilPrice.com,The U.S. Just Took a Giant Step in The Rare Earth Race With China,"For more than a decade, the United States has treated rare earth independence as a mining problem. But the real vulnerability is further downstream. That’s where rare earths are turned into metals and become a part of the American military machine and its ind…",2026-02-25,https://oilprice.com/Interviews/The-US-Just-Took-a-Giant-Step-in-The-Rare-Earth-Race-With-China.html,"The U.S. Just Took a Giant Step in The Rare Earth Race With China For more than a decade, the United States has treated rare earth independence as a mining problem. But the real vulnerability is further downstream. That’s where rare earths are turned into metals and become a part of the American military machine and its ind…"
AAPL,Memeorandum.com,"Tim Cook 'lied through his teeth' about bringing iPhone production to US, Trump trade adviser tells 'Pod Force One' (Josh Christenson/New York Post)","Josh Christenson / New York Post:
Tim Cook ‘lied through his teeth’ about bringing iPhone production to US, Trump trade adviser tells ‘Pod Force One’  —  White House trade adviser Peter Navarro accused Apple's Tim Cook of fibbing about his company bringing iP…",2026-02-25,https://www.memeorandum.com/260225/p31,"Tim Cook 'lied through his teeth' about bringing iPhone production to US, Trump trade adviser tells 'Pod Force One' (Josh Christenson/New York Post) Josh Christenson / New York Post:
Tim Cook ‘lied through his teeth’ about bringing iPhone production to US, Trump trade adviser tells ‘Pod Force One’  —  White House trade adviser Peter Navarro accused Apple's Tim Cook of fibbing about his company bringing iP…"
AAPL,Financial Post,Nvidia earnings loom as risk factor for AI-obsessed stock market,Nvidia’s earnings report comes at a critical time for the U.S. stock market with investors nervous about the outlook for AI. Read more.,2026-02-25,https://financialpost.com/investing/nvidia-earnings-risk-factor-ai-stock-market,Nvidia earnings loom as risk factor for AI-obsessed stock market Nvidia’s earnings report comes at a critical time for the U.S. stock market with investors nervous about the outlook for AI. Read more.
AAPL,Notebookcheck.net,CIA is said to have warned top tech executives as early as 2023 of economic crisis risk tied to China-Taiwan escalation,"According to a report by The New York Times, US intelligence agencies warned senior technology executives in a classified 2023 briefing about a potential escalation between China and Taiwan. Officials cautioned that such a conflict could trigger the most seve…",2026-02-25,https://www.notebookcheck.net/CIA-is-said-to-have-warned-top-tech-executives-as-early-as-2023-of-economic-crisis-risk-tied-to-China-Taiwan-escalation.1234476.0.html,"CIA is said to have warned top tech executives as early as 2023 of economic crisis risk tied to China-Taiwan escalation According to a report by The New York Times, US intelligence agencies warned senior technology executives in a classified 2023 briefing about a potential escalation between China and Taiwan. Officials cautioned that such a conflict could trigger the most seve…"
AAPL,Vercel.app,Letters to a Young Creator,"Letters to a Young Creator is a collection of honest perspectives on what it takes to make something great, written by people who have done it before.  Featuring Tim Cook, Jony Ive, Bob Iger, Paola Antonelli, Jon M. Chu, Es Devlin, and many, many more.",2026-02-25,https://ltyc-digital.vercel.app/,"Letters to a Young Creator Letters to a Young Creator is a collection of honest perspectives on what it takes to make something great, written by people who have done it before.  Featuring Tim Cook, Jony Ive, Bob Iger, Paola Antonelli, Jon M. Chu, Es Devlin, and many, many more."
AAPL,GlobeNewswire,"Marketing Technology (MarTech) Market Worth USD 3.28 Trillion by 2035 Driven by AI, Agile Marketing, and Privacy-First Personalization","The global marketing technology (MarTech) market size will grow from USD 669.14 billion in 2026 to nearly USD 3.28 trillion by 2035, expanding at a CAGR of 19.40% from 2026 to 2035. Marketers use marketing technology tools to inspire, retain, and engage consu…",2026-02-25,https://www.globenewswire.com/news-release/2026/02/25/3244514/0/en/Marketing-Technology-MarTech-Market-Worth-USD-3-28-Trillion-by-2035-Driven-by-AI-Agile-Marketing-and-Privacy-First-Personalization.html,"Marketing Technology (MarTech) Market Worth USD 3.28 Trillion by 2035 Driven by AI, Agile Marketing, and Privacy-First Personalization The global marketing technology (MarTech) market size will grow from USD 669.14 billion in 2026 to nearly USD 3.28 trillion by 2035, expanding at a CAGR of 19.40% from 2026 to 2035. Marketers use marketing technology tools to inspire, retain, and engage consu…"
AAPL,MacRumors,Apple's Second Retail Store in Mumbai Opens This Thursday,"Apple has previewed Apple Borivali, its sixth store to open in India, and the company's second store in Mumbai. The store opens on Thursday, February 26, at 1 p.m. IST.





The store is in Sky City Mall, a large new shopping and entertainment complex in Bori…",2026-02-25,https://www.macrumors.com/2026/02/25/apple-borivali-opens-thursday-mumbai/,"Apple's Second Retail Store in Mumbai Opens This Thursday Apple has previewed Apple Borivali, its sixth store to open in India, and the company's second store in Mumbai. The store opens on Thursday, February 26, at 1 p.m. IST.





The store is in Sky City Mall, a large new shopping and entertainment complex in Bori…"
AAPL,New York Post,"Tim Cook ‘lied through his teeth’ about bringing iPhone production to US, Trump trade adviser tells ‘Pod Force One’","Tim Cook is ""the king of evading tariffs,"" President Trump's senior trade counselor told The Post's Miranda Devine.",2026-02-25,https://nypost.com/2026/02/25/us-news/tim-cook-lied-through-his-teeth-about-bringing-iphone-production-to-us-navarro-sez/,"Tim Cook ‘lied through his teeth’ about bringing iPhone production to US, Trump trade adviser tells ‘Pod Force One’ Tim Cook is ""the king of evading tariffs,"" President Trump's senior trade counselor told The Post's Miranda Devine."
AAPL,Business Insider,"Michael Saylor defends bitcoin's plunge by comparing it to Apple's 'valley of despair,' which preceded a huge rebound","Michael Saylor likened bitcoin's trajectory to that of Apple stock, which was stuck in a rut before investors acknowledged the dominance of the iPhone.",2026-02-25,https://www.businessinsider.com/bitcoin-price-michael-saylor-apple-rebound-crypto-btc-aapl-2026-2,"Michael Saylor defends bitcoin's plunge by comparing it to Apple's 'valley of despair,' which preceded a huge rebound Michael Saylor likened bitcoin's trajectory to that of Apple stock, which was stuck in a rut before investors acknowledged the dominance of the iPhone."
AAPL,GlobeNewswire,Tablet Application Processor Market Size to Hit USD 22.04 Billion by 2035 | Research by SNS Insider,"Global Tablet Application Processor Market Size, Share, Trends & Segmentation, By Type, Core Type, Operating System, End-User, and Regions | Forecast 2035...",2026-02-25,https://www.globenewswire.com/news-release/2026/02/25/3244356/0/en/Tablet-Application-Processor-Market-Size-to-Hit-USD-22-04-Billion-by-2035-Research-by-SNS-Insider.html,"Tablet Application Processor Market Size to Hit USD 22.04 Billion by 2035 | Research by SNS Insider Global Tablet Application Processor Market Size, Share, Trends & Segmentation, By Type, Core Type, Operating System, End-User, and Regions | Forecast 2035..."
AAPL,The Times of India,Payments processor Stripe expresses interest in PayPal,"Stripe, which is closely held and is among the industry’s most valuable companies, has expressed preliminary interest in a potential acquisition of the digital payments pioneer or its assets, the people said, asking not to be identified because the matter is …",2026-02-25,https://economictimes.indiatimes.com/tech/technology/payments-processor-stripe-expresses-interest-in-paypal/articleshow/128776255.cms,"Payments processor Stripe expresses interest in PayPal Stripe, which is closely held and is among the industry’s most valuable companies, has expressed preliminary interest in a potential acquisition of the digital payments pioneer or its assets, the people said, asking not to be identified because the matter is …"
AAPL,Ibtimes.com.au,"Apple (AAPL) Stock Climbs to $272 on Rebound Momentum, Record Q1 Results and Upcoming iPhone 17e Fuel Optimism","Apple Inc.'s stock has rebounded strongly in late February 2026, closing at $272.14 on February 24 after gaining 2.24%, as investors focus on the company's record fiscal first-quarter performance, accelerating App Store growth, and anticipation for the iPhone…",2026-02-25,https://www.ibtimes.com.au/apple-aapl-stock-climbs-272-rebound-momentum-record-q1-results-upcoming-iphone-17e-fuel-1862052,"Apple (AAPL) Stock Climbs to $272 on Rebound Momentum, Record Q1 Results and Upcoming iPhone 17e Fuel Optimism Apple Inc.'s stock has rebounded strongly in late February 2026, closing at $272.14 on February 24 after gaining 2.24%, as investors focus on the company's record fiscal first-quarter performance, accelerating App Store growth, and anticipation for the iPhone…"
AAPL,Livemint,Tech bros seem bent on controlling minds and politics. Can anyone rein them in?,"The harm caused by social media and AI-powered apps is now too stark to deny—teen mental health crises, misogynistic deepfakes, algorithmic hate and political manipulation. Yet, as tech titans strut around the corridors of power, can anyone rein in what they’…",2026-02-25,https://www.livemint.com/opinion/online-views/tech-bros-controlling-minds-politics-ai-artificial-intelligence-meta-social-media-grok-x-musk-11771933967548.html,"Tech bros seem bent on controlling minds and politics. Can anyone rein them in? The harm caused by social media and AI-powered apps is now too stark to deny—teen mental health crises, misogynistic deepfakes, algorithmic hate and political manipulation. Yet, as tech titans strut around the corridors of power, can anyone rein in what they’…"
AAPL,The Times of India,Quote of the day by Steve Jobs: “The only way to do great work is to love what you do. If you haven't found it yet...”,"Quote of the day: There are some lines that feel less like advice and more like a life compass. This is one of them. Spoken by Steve Jobs during his famous 2005 Stanford commencement speech, these words have travelled far beyond Silicon Valley. They have been…",2026-02-25,https://economictimes.indiatimes.com/news/new-updates/quote-of-the-day-by-steve-jobs-the-only-way-to-do-great-work-is-to-love-what-you-do-if-you-havent-found-it-yet-/articleshow/128770955.cms,"Quote of the day by Steve Jobs: “The only way to do great work is to love what you do. If you haven't found it yet...” Quote of the day: There are some lines that feel less like advice and more like a life compass. This is one of them. Spoken by Steve Jobs during his famous 2005 Stanford commencement speech, these words have travelled far beyond Silicon Valley. They have been…"
AAPL,The Indian Express,Apple shareholders reject call for report on China manufacturing risks,Apple investors reject China dependence report as Cook doubles down on AI investment strategy.,2026-02-25,https://indianexpress.com/article/technology/tech-news-technology/apple-shareholders-reject-call-for-report-on-china-manufacturing-risks-10550849/,Apple shareholders reject call for report on China manufacturing risks Apple investors reject China dependence report as Cook doubles down on AI investment strategy.
AAPL,Cointelegraph,Crypto lobby Blockchain Association pitches tax plan to Congress,"The Blockchain Association proposed a tax framework for crypto, suggesting stablecoins be treated as cash and “low-dollar” crypto transactions receive a de minimis exemption.",2026-02-25,https://cointelegraph.com/news/blockchain-association-crypto-tax-plan-congress,"Crypto lobby Blockchain Association pitches tax plan to Congress The Blockchain Association proposed a tax framework for crypto, suggesting stablecoins be treated as cash and “low-dollar” crypto transactions receive a de minimis exemption."
AAPL,The Times of India,Apple shareholders reject call for report on China manufacturing risks,"Apple shareholders on Tuesday ​rejected a proposal to report on the company's dependence ​on China to manufacture most of its products. The vote came after Apple has worked for nearly a decade to broaden its manufacturing base ‌to Vietnam, ⁠India and ⁠the US,…",2026-02-25,https://economictimes.indiatimes.com/tech/technology/apple-shareholders-reject-call-for-report-on-china-manufacturing-risks/articleshow/128767642.cms,"Apple shareholders reject call for report on China manufacturing risks Apple shareholders on Tuesday ​rejected a proposal to report on the company's dependence ​on China to manufacture most of its products. The vote came after Apple has worked for nearly a decade to broaden its manufacturing base ‌to Vietnam, ⁠India and ⁠the US,…"
AAPL,Twit.tv,MBW 1013: Boopgate - Steve Jobs' 71st Birthday,"Welcome, Christina Warren, to the MacBreak Weekly panel! Looking back at Steve Jobs and what would have been his 71st birthday. Jason Snell unveils the Six Colors report card. And Apple plans to manufacture Mac Minis in Houston.<ul> 
<li>Remembering Steve Job…",2026-02-25,https://twit.tv/shows/macbreak-weekly/episodes/1013,"MBW 1013: Boopgate - Steve Jobs' 71st Birthday Welcome, Christina Warren, to the MacBreak Weekly panel! Looking back at Steve Jobs and what would have been his 71st birthday. Jason Snell unveils the Six Colors report card. And Apple plans to manufacture Mac Minis in Houston.<ul> 
<li>Remembering Steve Job…"
AAPL,Github.com,Show HN: WSE Rust-powered WebSocket engine for Python up to 2.1M del/SEC fan-out,"WSE - Rust-powered WebSocket engine for Python. Up to 14M msg/s JSON, 30M msgpack/zlib fan-in, 2.1M del/s fan-out, zero-GIL JWT, E2E encryption - silvermpx/wse",2026-02-24,https://github.com/silvermpx/wse,"Show HN: WSE Rust-powered WebSocket engine for Python up to 2.1M del/SEC fan-out WSE - Rust-powered WebSocket engine for Python. Up to 14M msg/s JSON, 30M msgpack/zlib fan-in, 2.1M del/s fan-out, zero-GIL JWT, E2E encryption - silvermpx/wse"
AAPL,Thurrott.com,"Late 2026 MacBook Pro Refresh to Include Multitouch, Dynamic Island","Bloomberg's Mark Gurman reports that Apple will issue a major refresh of its 14- and 16-inch MacBook Pro models this fall.
The post Late 2026 MacBook Pro Refresh to Include Multitouch, Dynamic Island appeared first on Thurrott.com.",2026-02-24,https://www.thurrott.com/apple/333023/late-2026-macbook-pro-refresh-to-include-multitouch-dynamic-island,"Late 2026 MacBook Pro Refresh to Include Multitouch, Dynamic Island Bloomberg's Mark Gurman reports that Apple will issue a major refresh of its 14- and 16-inch MacBook Pro models this fall.
The post Late 2026 MacBook Pro Refresh to Include Multitouch, Dynamic Island appeared first on Thurrott.com."
AAPL,Macdailynews.com,Apple set to introduce touch-screen Mac laptops this year,"Apple is set to introduce touch-screen Mac laptops, a move that will bring significant updates to macOS, including the integration of the…
The post Apple set to introduce touch-screen Mac laptops this year appeared first on MacDailyNews.",2026-02-24,https://macdailynews.com/2026/02/24/apple-set-to-introduce-touch-screen-mac-laptops-this-year/,"Apple set to introduce touch-screen Mac laptops this year Apple is set to introduce touch-screen Mac laptops, a move that will bring significant updates to macOS, including the integration of the…
The post Apple set to introduce touch-screen Mac laptops this year appeared first on MacDailyNews."
AAPL,Financial Post,Payments processor Stripe expresses interest in PayPal,Payment processing firm Stripe Inc. is considering an acquisition of all or parts of PayPal Holdings Inc. Find out more here,2026-02-24,https://financialpost.com/news/stripe-expresses-interest-in-paypal,Payments processor Stripe expresses interest in PayPal Payment processing firm Stripe Inc. is considering an acquisition of all or parts of PayPal Holdings Inc. Find out more here
AAPL,CNET,Apple to Build the Mac Mini in the United States for the First Time,Apple will begin manufacturing the wee desktop computer in Houston later this year.,2026-02-24,https://www.cnet.com/tech/computing/apple-mac-mini-made-in-america/,Apple to Build the Mac Mini in the United States for the First Time Apple will begin manufacturing the wee desktop computer in Houston later this year.
AAPL,Yahoo Entertainment,"Apple CEO Tim Cook Says If You Look at Your Phone More Than Someone's Eyes, 'You're Doing The Wrong Thing'",,2026-02-24,https://consent.yahoo.com/v2/collectConsent?sessionId=1_cc-session_c8b686ba-8ebe-432f-83fb-e025af050fb6,"Apple CEO Tim Cook Says If You Look at Your Phone More Than Someone's Eyes, 'You're Doing The Wrong Thing'"
AAPL,TechRadar,Apple will build the Mac Mini in the US and you can probably thank AI,Better than a golden plaque,2026-02-24,https://www.techradar.com/computing/macs/apple-will-build-the-mac-mini-in-the-us-and-you-can-probably-thank-ai,Apple will build the Mac Mini in the US and you can probably thank AI Better than a golden plaque
AAPL,Macdailynews.com,Apple shareholders reject proposal for China manufacturing risk report,"Apple shareholders rejected a proposal on Tuesday that called for the company to issue a report detailing its heavy reliance on China…
The post Apple shareholders reject proposal for China manufacturing risk report appeared first on MacDailyNews.",2026-02-24,https://macdailynews.com/2026/02/24/apple-shareholders-reject-proposal-for-china-manufacturing-risk-report/,"Apple shareholders reject proposal for China manufacturing risk report Apple shareholders rejected a proposal on Tuesday that called for the company to issue a report detailing its heavy reliance on China…
The post Apple shareholders reject proposal for China manufacturing risk report appeared first on MacDailyNews."
AAPL,Slashdot.org,Tim Cook ‘slept with one eye open’ after classified CIA briefing on Taiwan - 9to5Mac,Tim Cook ‘slept with one eye open’ after classified CIA briefing on Taiwan9to5Mac The Looming Taiwan Chip Disaster That Silicon Valley Has Long IgnoredThe New York Times America's spymasters terrified Tim Cook with Taiwan invasion timelineAppleInsider Given D…,2026-02-24,https://slashdot.org/firehose.pl?op=view&amp;id=180855400,Tim Cook ‘slept with one eye open’ after classified CIA briefing on Taiwan - 9to5Mac Tim Cook ‘slept with one eye open’ after classified CIA briefing on Taiwan9to5Mac The Looming Taiwan Chip Disaster That Silicon Valley Has Long IgnoredThe New York Times America's spymasters terrified Tim Cook with Taiwan invasion timelineAppleInsider Given D…
AAPL,The Times of India,"Tim Cook warned by CIA that China could move on Taiwan by 2027, report says","Tim Cook CIA briefing China Taiwan 2027 threat: Apple CEO Tim Cook reportedly received a classified CIA briefing warning that China could move on Taiwan by 2027, posing a massive risk to the global chip supply dominated by TSMC. The intelligence session with …",2026-02-24,https://economictimes.indiatimes.com/news/international/us/tim-cook-warned-by-cia-that-china-could-move-on-taiwan-by-2027-report-says/articleshow/128761224.cms,"Tim Cook warned by CIA that China could move on Taiwan by 2027, report says Tim Cook CIA briefing China Taiwan 2027 threat: Apple CEO Tim Cook reportedly received a classified CIA briefing warning that China could move on Taiwan by 2027, posing a massive risk to the global chip supply dominated by TSMC. The intelligence session with …"
AAPL,Apple Newsroom,Apple Will Begin Manufacturing Mac Minis in Houston Later This Year,"Apple today announced a significant expansion of factory operations in Houston, bringing the future production of Mac mini to the U.S. for the first time.",2026-02-24,https://www.apple.com/newsroom/2026/02/apple-accelerates-us-manufacturing-with-mac-mini-production/,"Apple Will Begin Manufacturing Mac Minis in Houston Later This Year Apple today announced a significant expansion of factory operations in Houston, bringing the future production of Mac mini to the U.S. for the first time."
AAPL,Vercel.app,The Steve Jobs Archive: ‘Letters to a Young Creator’,"Letters to a Young Creator is a collection of honest perspectives on what it takes to make something great, written by people who have done it before.  Featuring Tim Cook, Jony Ive, Bob Iger, Paola Antonelli, Jon M. Chu, Es Devlin, and many, many more.",2026-02-24,https://ltyc-digital.vercel.app/laurene-powell-jobs,"The Steve Jobs Archive: ‘Letters to a Young Creator’ Letters to a Young Creator is a collection of honest perspectives on what it takes to make something great, written by people who have done it before.  Featuring Tim Cook, Jony Ive, Bob Iger, Paola Antonelli, Jon M. Chu, Es Devlin, and many, many more."
AAPL,Livemint,"Apple shifts Mac mini production to US, deepens $600 billion investment amid Trump's manufacturing push","Apple CEO Tim Cook said the Mac mini will be produced in the US later this year as part of a $600 billion investment plan. The company is expanding operations in Houston, boosting chip sourcing from US partners, and opening a new manufacturing center to stren…",2026-02-24,https://www.livemint.com/companies/news/apple-inc-tim-cook-american-manufacturing-program-600-bn-investment-donald-trump-mac-mini-houston-facility-ai-servers-11771958351191.html,"Apple shifts Mac mini production to US, deepens $600 billion investment amid Trump's manufacturing push Apple CEO Tim Cook said the Mac mini will be produced in the US later this year as part of a $600 billion investment plan. The company is expanding operations in Houston, boosting chip sourcing from US partners, and opening a new manufacturing center to stren…"
AAPL,Github.com,"Show HN: PiQrypt – Cryptographic audit trail for AI agents (Ed25519, Dilithium3)","AI agents are making decisions that affect money, infrastructure, and users —
but most systems rely on editable logs.I built PiQrypt to explore whether an AI agent can have a
cryptographically verifiable decision history.Each event is:
- Ed25519 signed
- SHA-…",2026-02-24,https://github.com/PiQrypt/piqrypt,"Show HN: PiQrypt – Cryptographic audit trail for AI agents (Ed25519, Dilithium3) AI agents are making decisions that affect money, infrastructure, and users —
but most systems rely on editable logs.I built PiQrypt to explore whether an AI agent can have a
cryptographically verifiable decision history.Each event is:
- Ed25519 signed
- SHA-…"
AAPL,redmondpie.com,Apple CEO Tim Cook Remembers Steve Jobs In Newly Published Letter,"Apple CEO Tim Cook has published a new letter remembering Steve Jobs, reflecting on his legacy, leadership, and lasting impact on Apple and the tech industry.
The post Apple CEO Tim Cook Remembers Steve Jobs In Newly Published Letter first appeared on Redmond…",2026-02-24,https://www.redmondpie.com/apple-ceo-tim-cook-remembers-steve-jobs-in-newly-published-letter/,"Apple CEO Tim Cook Remembers Steve Jobs In Newly Published Letter Apple CEO Tim Cook has published a new letter remembering Steve Jobs, reflecting on his legacy, leadership, and lasting impact on Apple and the tech industry.
The post Apple CEO Tim Cook Remembers Steve Jobs In Newly Published Letter first appeared on Redmond…"
AAPL,Tom's Guide,Apple smart glasses have a secret weapon against Meta Ray-Bans — and it's Tim Cook's 'next big thing',"Here's how Apple’s rumored smart glasses plan to keep up with Meta Ray-Bans with one secret weapon, once they finally launch.",2026-02-24,https://www.tomsguide.com/computing/smart-glasses/apple-smart-glasses-may-have-a-secret-weapon-against-meta-ray-bans-they-can-understand-what-youre-looking-at,"Apple smart glasses have a secret weapon against Meta Ray-Bans — and it's Tim Cook's 'next big thing' Here's how Apple’s rumored smart glasses plan to keep up with Meta Ray-Bans with one secret weapon, once they finally launch."
AAPL,iPhone in Canada,Apple Shareholders Approve Tim Cook’s $74 Million Pay,"At its 2026 annual meeting earlier today, Apple's shareholders approved executive pay for CEO Tim Cook, while rejecting a China audit proposal.
The post Apple Shareholders Approve Tim Cook’s $74 Million Pay first appeared on iPhone in Canada.",2026-02-24,https://www.iphoneincanada.ca/2026/02/24/apple-shareholders-approve-tim-cooks-74-million-pay/,"Apple Shareholders Approve Tim Cook’s $74 Million Pay At its 2026 annual meeting earlier today, Apple's shareholders approved executive pay for CEO Tim Cook, while rejecting a China audit proposal.
The post Apple Shareholders Approve Tim Cook’s $74 Million Pay first appeared on iPhone in Canada."
AAPL,iPhone in Canada,Apple’s Tim Cook Warned of ‘Economic Apocalypse’ Over Taiwan Chip Links,"A New York Times investigation has revealed that U.S. federal officials are sounding the alarm over Silicon Valley’s dependence on Taiwan. National security officials warned leaders at Apple, AMD, and Qualcomm that a Chinese blockade of the island could bring…",2026-02-24,https://www.iphoneincanada.ca/2026/02/24/apples-tim-cook-warned-of-economic-apocalypse-over-taiwan-chip-links/,"Apple’s Tim Cook Warned of ‘Economic Apocalypse’ Over Taiwan Chip Links A New York Times investigation has revealed that U.S. federal officials are sounding the alarm over Silicon Valley’s dependence on Taiwan. National security officials warned leaders at Apple, AMD, and Qualcomm that a Chinese blockade of the island could bring…"
AAPL,Iphoneblog.de,„Apple’s Next Big Thing Is a Push Into Visual Artificial Intelligence“,"Tim Cook, in der modernen Version von „I think the wrist is interesting“. In a recent all-hands meeting with employees, Cook said that Apple “unquestionably” has a “huge advantage” in the AI space, touting the company’s installed base of 2.5 billion. He menti…",2026-02-24,https://www.iphoneblog.de/2026/02/24/apples-next-big-thing-is-a-push-into-visual-artificial-intelligence/,"„Apple’s Next Big Thing Is a Push Into Visual Artificial Intelligence“ Tim Cook, in der modernen Version von „I think the wrist is interesting“. In a recent all-hands meeting with employees, Cook said that Apple “unquestionably” has a “huge advantage” in the AI space, touting the company’s installed base of 2.5 billion. He menti…"
AAPL,MacRumors,Tim Cook Reflects on Joining Apple and Steve Jobs,"In an August 2024 letter published by The Steve Jobs Archive today, Tim Cook reflected on joining Apple and what he learned from working with Steve Jobs.





Jobs convinced Cook to join Apple in 1998, to help turn around the company:I'll never forget that fi…",2026-02-24,https://www.macrumors.com/2026/02/24/tim-cook-reflects-on-apple-and-steve-jobs/,"Tim Cook Reflects on Joining Apple and Steve Jobs In an August 2024 letter published by The Steve Jobs Archive today, Tim Cook reflected on joining Apple and what he learned from working with Steve Jobs.





Jobs convinced Cook to join Apple in 1998, to help turn around the company:I'll never forget that fi…"
AAPL,MacStories,The Steve Jobs Archive’s Letters to a Young Creator,"Source: Steve Jobs Archive. The Steve Jobs Archive has published a collection of Letters to a Young Creator featuring reflections from luminaries in a wide range of fields answering questions posed by SJA Fellows. Contributors include Tadao Ando, Paola Antone…",2026-02-24,https://www.macstories.net/news/the-steve-jobs-archives-letters-to-a-young-creator/,"The Steve Jobs Archive’s Letters to a Young Creator Source: Steve Jobs Archive. The Steve Jobs Archive has published a collection of Letters to a Young Creator featuring reflections from luminaries in a wide range of fields answering questions posed by SJA Fellows. Contributors include Tadao Ando, Paola Antone…"
AAPL,Investopedia,Nvidia's Earnings Are Almost Here. Here's the State of the Magnificent 7 Stocks.,Nvidia is the sole member of the so-called Magnificent 7 group of stocks to have posted gains year-to-date.,2026-02-24,https://www.investopedia.com/nvidia-s-earnings-are-almost-here-here-s-the-state-of-the-magnificent-7-stocks-nvda-11912486,Nvidia's Earnings Are Almost Here. Here's the State of the Magnificent 7 Stocks. Nvidia is the sole member of the so-called Magnificent 7 group of stocks to have posted gains year-to-date.
AAPL,Business Insider,Your next Mac Mini might be made in the US,It's the latest example of Tim Cook leaning into the made-in-America theme as Apple navigates tariffs during Trump's second term.,2026-02-24,https://www.businessinsider.com/apple-mac-mini-made-in-america-us-houston-factory-2026-2,Your next Mac Mini might be made in the US It's the latest example of Tim Cook leaning into the made-in-America theme as Apple navigates tariffs during Trump's second term.
AAPL,Yahoo Entertainment,Apple shareholders reject call for report on China manufacturing risks,Apple shareholders on Tuesday rejected a proposal to report on the company's ‌dependence on China to manufacture most of its products.  The vote ‌came after...,2026-02-24,https://finance.yahoo.com/news/apple-shareholders-reject-shareholder-proposal-162152216.html,Apple shareholders reject call for report on China manufacturing risks Apple shareholders on Tuesday rejected a proposal to report on the company's ‌dependence on China to manufacture most of its products.  The vote ‌came after...
AAPL,Tom's Hardware UK,"US gov't warned Nvidia CEO Jensen Huang, Tim Cook, and Lisa Su that China could invade Taiwan by 2027 — Apple CEO reportedly said he sleeps 'with one eye open'","A new investigative report from The New York Times reveals that, in July 2023, senior US intelligence officials privately briefed some of the tech industry's most powerful executives on classified assessments regarding China and Taiwan.",2026-02-24,https://www.tomshardware.com/tech-industry/semiconductors/us-govt-warned-nvidia-ceo-jensen-huang-tim-cook-and-lisa-su-that-china-could-invade-taiwan-by-2027-apple-ceo-reportedly-said-he-sleeps-with-one-eye-open,"US gov't warned Nvidia CEO Jensen Huang, Tim Cook, and Lisa Su that China could invade Taiwan by 2027 — Apple CEO reportedly said he sleeps 'with one eye open' A new investigative report from The New York Times reveals that, in July 2023, senior US intelligence officials privately briefed some of the tech industry's most powerful executives on classified assessments regarding China and Taiwan."
AAPL,Wccftech,Apple’s Steve Jobs Would Have Turned 71 Today,"That Steve Jobs was a titan among tech visionaries of his day remains an uncontested fact. What is somewhat aberrant, however, is his larger-than-life persona that still retains immense sway within Apple's evolving corporate heft. And, had he managed to survi…",2026-02-24,https://wccftech.com/apples-steve-jobs-would-have-turned-71-today/,"Apple’s Steve Jobs Would Have Turned 71 Today That Steve Jobs was a titan among tech visionaries of his day remains an uncontested fact. What is somewhat aberrant, however, is his larger-than-life persona that still retains immense sway within Apple's evolving corporate heft. And, had he managed to survi…"
AAPL,Cult of Mac,Why Apple users should care about a ‘looming Taiwan chip disaster’,"U.S. officials have warned for years about China causing a Taiwan chip disaster. Apple and Silicon Valley have been slow to respond. 
(via Cult of Mac - Your source for the latest Apple news, rumors, analysis, reviews, how-tos and deals.)",2026-02-24,https://www.cultofmac.com/news/potential-taiwan-chip-disaster,"Why Apple users should care about a ‘looming Taiwan chip disaster’ U.S. officials have warned for years about China causing a Taiwan chip disaster. Apple and Silicon Valley have been slow to respond. 
(via Cult of Mac - Your source for the latest Apple news, rumors, analysis, reviews, how-tos and deals.)"
AAPL,Macdailynews.com,CIA warned Apple CEO Tim Cook that communist China could move on Taiwan by 2027,"Apple CEO Tim Cook was among a select group of Silicon Valley leaders who received a classified briefing from the CIA regarding Taiwan…
The post CIA warned Apple CEO Tim Cook that communist China could move on Taiwan by 2027 appeared first on MacDailyNews.",2026-02-24,https://macdailynews.com/2026/02/24/cia-warned-apple-ceo-tim-cook-that-communist-china-could-move-on-taiwan-by-2027/,"CIA warned Apple CEO Tim Cook that communist China could move on Taiwan by 2027 Apple CEO Tim Cook was among a select group of Silicon Valley leaders who received a classified briefing from the CIA regarding Taiwan…
The post CIA warned Apple CEO Tim Cook that communist China could move on Taiwan by 2027 appeared first on MacDailyNews."
AAPL,Ibtimes.com.au,Apple (AAPL) Stock Dips 1.1% to $245.78 as Investors Await iPhone 17 Details and Services Growth Update,"Apple Inc. (NASDAQ: AAPL) shares closed at $245.78 on Monday, February 23, 2026, down 1.1% from the previous session's $248.50 finish, extending a modest pullback that has seen the stock trade sideways to lower in early 2026.",2026-02-24,https://www.ibtimes.com.au/apple-aapl-stock-dips-11-24578-investors-await-iphone-17-details-services-growth-update-1861999,"Apple (AAPL) Stock Dips 1.1% to $245.78 as Investors Await iPhone 17 Details and Services Growth Update Apple Inc. (NASDAQ: AAPL) shares closed at $245.78 on Monday, February 23, 2026, down 1.1% from the previous session's $248.50 finish, extending a modest pullback that has seen the stock trade sideways to lower in early 2026."
AAPL,512pixels.net,Apple Highlights Its American Manufacturing Efforts,"This morning, Apple announced that it will begin producing Mac minis in America starting later this year: Apple today announced a significant expansion of factory operations in Houston, bringing the future production of Mac mini to the U.S. for the first time…",2026-02-24,https://512pixels.net/2026/02/apple-america-sotu/,"Apple Highlights Its American Manufacturing Efforts This morning, Apple announced that it will begin producing Mac minis in America starting later this year: Apple today announced a significant expansion of factory operations in Houston, bringing the future production of Mac mini to the U.S. for the first time…"
AAPL,9to5Mac,"Steve Jobs Archive releases ‘Letters to a Young Creator’ featuring Tim Cook, Jony Ive, and more","The Steve Jobs Archive has published a project online called Letters to a Young Creator. Timed with what would be the late Apple co-founder’s 71st birthday, the collection of notes includes submissions by Tim Cook, Jony Ive, and more.



 more…",2026-02-24,https://9to5mac.com/2026/02/24/steve-jobs-archive-releases-letters-to-a-young-creator-featuring-tim-cook-jony-ive-and-more/,"Steve Jobs Archive releases ‘Letters to a Young Creator’ featuring Tim Cook, Jony Ive, and more The Steve Jobs Archive has published a project online called Letters to a Young Creator. Timed with what would be the late Apple co-founder’s 71st birthday, the collection of notes includes submissions by Tim Cook, Jony Ive, and more.



 more…"
AAPL,Business Insider,"Career tips for creators from 5 of Steve Jobs' friends, including Tim Cook, Jony Ive, and Bob Iger","Steve Jobs’ legacy is celebrated by friends like Tim Cook, Jony Ive, and Bob Iger sharing their insights in ""Letters to a Young Creator.""",2026-02-24,https://www.businessinsider.com/tim-cook-jony-ive-more-honor-steve-jobs-creative-advice-2026-2,"Career tips for creators from 5 of Steve Jobs' friends, including Tim Cook, Jony Ive, and Bob Iger Steve Jobs’ legacy is celebrated by friends like Tim Cook, Jony Ive, and Bob Iger sharing their insights in ""Letters to a Young Creator."""
AAPL,Thurrott.com,Apple is Moving Some Mac Mini Production to the US,"Apple announced today that it will start producing its Mac mini desktop computer in the US later this year.
The post Apple is Moving Some Mac Mini Production to the US appeared first on Thurrott.com.",2026-02-24,https://www.thurrott.com/apple/332993/apple-is-moving-back-some-mac-mini-production-to-the-us,"Apple is Moving Some Mac Mini Production to the US Apple announced today that it will start producing its Mac mini desktop computer in the US later this year.
The post Apple is Moving Some Mac Mini Production to the US appeared first on Thurrott.com."
AAPL,Macdailynews.com,Today is the 71st anniversary of Steve Jobs’ birth,"Today marks the 71st anniversary of Steve Jobs’ birth. The legendary co-founder of Apple Inc. was born on February 24, 1955…
The post Today is the 71st anniversary of Steve Jobs’ birth appeared first on MacDailyNews.",2026-02-24,https://macdailynews.com/2026/02/24/today-is-the-71st-anniversary-of-steve-jobs-birth/,"Today is the 71st anniversary of Steve Jobs’ birth Today marks the 71st anniversary of Steve Jobs’ birth. The legendary co-founder of Apple Inc. was born on February 24, 1955…
The post Today is the 71st anniversary of Steve Jobs’ birth appeared first on MacDailyNews."
AAPL,Macdailynews.com,Apple brings Mac mini production to America from Asia,"Apple announced a significant expansion of factory operations in Houston, bringing the future production of Mac mini to America…
The post Apple brings Mac mini production to America from Asia appeared first on MacDailyNews.",2026-02-24,https://macdailynews.com/2026/02/24/apple-brings-mac-mini-production-to-america-from-asia/,"Apple brings Mac mini production to America from Asia Apple announced a significant expansion of factory operations in Houston, bringing the future production of Mac mini to America…
The post Apple brings Mac mini production to America from Asia appeared first on MacDailyNews."
AAPL,Wccftech,"Apple’s ‘Make In America’ Push Gains Steam, With Server Production Now Hitting 10 Units Per Hour, As CIA Warns Of A 2027 Taiwan Attack","Apple is very clearly ramping up its US-based manufacturing footprint, as evidenced by its soaring server production capacity at its Houston plant, coupled with plans to relocate the manufacturing of Mac mini devices to that same Texas-based facility. These m…",2026-02-24,https://wccftech.com/apples-make-in-america-push-gains-steam-with-server-production-now-hitting-10-units-per-hour-as-cia-warns-of-a-2027-taiwan-attack/,"Apple’s ‘Make In America’ Push Gains Steam, With Server Production Now Hitting 10 Units Per Hour, As CIA Warns Of A 2027 Taiwan Attack Apple is very clearly ramping up its US-based manufacturing footprint, as evidenced by its soaring server production capacity at its Houston plant, coupled with plans to relocate the manufacturing of Mac mini devices to that same Texas-based facility. These m…"
